{"mean val loss": 0.04005751199649564, "mean val accuracy": 98.61999999999999, "_timestamp": 1654629024, "_runtime": 1123, "_step": 24, "gradients/graph_1conv_linear_relu_stack.6.bias": {"_type": "histogram", "values": [1.0, 0.0, 0.0, 0.0, 0.0, 0.0, 0.0, 0.0, 0.0, 0.0, 0.0, 0.0, 1.0, 0.0, 0.0, 0.0, 0.0, 0.0, 0.0, 0.0, 0.0, 0.0, 0.0, 0.0, 0.0, 0.0, 0.0, 0.0, 0.0, 0.0, 0.0, 0.0, 0.0, 0.0, 0.0, 0.0, 0.0, 0.0, 1.0, 2.0, 0.0, 1.0, 0.0, 1.0, 0.0, 0.0, 0.0, 0.0, 0.0, 0.0, 0.0, 0.0, 0.0, 0.0, 1.0, 0.0, 1.0, 0.0, 0.0, 0.0, 0.0, 0.0, 0.0, 1.0], "bins": [-0.0070796855725348, -0.00689853448420763, -0.006717383395880461, -0.006536232307553291, -0.006355081219226122, -0.0061739301308989525, -0.00599277950823307, -0.005811627954244614, -0.0056304773315787315, -0.005449326243251562, -0.005268175154924393, -0.005087024066597223, -0.004905872978270054, -0.0047247218899428844, -0.004543570801615715, -0.004362420178949833, -0.004181268624961376, -0.004000117536634207, -0.0038189664483070374, -0.003637815359979868, -0.0034566642716526985, -0.003275513183325529, -0.0030943623278290033, -0.002913211239501834, -0.002732060384005308, -0.0025509092956781387, -0.0023697582073509693, -0.0021886071190238, -0.0020074560306966305, -0.0018263050587847829, -0.0016451540868729353, -0.0014640029985457659, -0.0012828516773879528, -0.0011017005890607834, -0.0009205495589412749, -0.0007393985288217664, -0.000558247440494597, -0.00037709635216742754, -0.00019594538025557995, -1.479429192841053e-05, 0.00016635702922940254, 0.0003475080884527415, 0.0005286591476760805, 0.000709810177795589, 0.0008909612661227584, 0.0010721123544499278, 0.0012532633263617754, 0.0014344144146889448, 0.0016155652701854706, 0.00179671635851264, 0.0019778674468398094, 0.002159018535166979, 0.0023401696234941483, 0.0025213207118213177, 0.0027024715673178434, 0.002883622655645013, 0.0030647737439721823, 0.0032459248322993517, 0.003427075920626521, 0.003608226776123047, 0.0037893778644502163, 0.003970528952777386, 0.004151680041104555, 0.0043328311294317245, 0.004513982217758894]}, "gradients/graph_1conv_linear_relu_stack.6.weight": {"_type": "histogram", "values": [1.0, 0.0, 0.0, 1.0, 0.0, 0.0, 0.0, 0.0, 1.0, 1.0, 3.0, 1.0, 0.0, 1.0, 1.0, 2.0, 1.0, 4.0, 4.0, 1.0, 7.0, 5.0, 7.0, 6.0, 4.0, 7.0, 8.0, 11.0, 4.0, 11.0, 10.0, 4.0, 10.0, 7.0, 14.0, 11.0, 18.0, 74.0, 737.0, 98.0, 31.0, 24.0, 18.0, 20.0, 13.0, 12.0, 20.0, 11.0, 9.0, 8.0, 7.0, 5.0, 5.0, 6.0, 4.0, 4.0, 2.0, 0.0, 0.0, 3.0, 0.0, 0.0, 2.0, 1.0], "bins": [-0.059361379593610764, -0.05780791491270065, -0.05625445023179054, -0.05470098555088043, -0.05314752459526062, -0.05159405991435051, -0.0500405952334404, -0.04848713055253029, -0.04693366587162018, -0.04538020119071007, -0.04382673650979996, -0.042273275554180145, -0.040719810873270035, -0.039166346192359924, -0.037612881511449814, -0.0360594168305397, -0.03450595587491989, -0.03295249119400978, -0.03139902651309967, -0.02984556369483471, -0.0282920990139246, -0.026738636195659637, -0.025185171514749527, -0.023631706833839417, -0.022078242152929306, -0.020524777472019196, -0.018971314653754234, -0.017417849972844124, -0.015864385291934013, -0.014310921542346478, -0.012757457792758942, -0.011203993111848831, -0.00965052843093872, -0.008097064681351185, -0.006543600000441074, -0.0049901362508535385, -0.0034366720356047153, -0.0018832078203558922, -0.0003297440707683563, 0.0012237206101417542, 0.0027771852910518646, 0.004330649506300688, 0.005884113721549511, 0.007437577471137047, 0.008991042152047157, 0.010544505901634693, 0.012097969651222229, 0.01365143433213234, 0.0152048971503973, 0.01675836183130741, 0.018311824649572372, 0.019865289330482483, 0.021418754011392593, 0.022972218692302704, 0.024525681510567665, 0.026079146191477776, 0.027632609009742737, 0.029186073690652847, 0.03073953650891781, 0.03229299932718277, 0.03384646400809288, 0.03539992868900299, 0.0369533933699131, 0.03850685805082321, 0.04006032273173332]}, "gradients/graph_1conv_linear_relu_stack.4.bias": {"_type": "histogram", "values": [1.0, 0.0, 0.0, 0.0, 0.0, 0.0, 1.0, 1.0, 0.0, 1.0, 2.0, 2.0, 0.0, 0.0, 3.0, 0.0, 0.0, 3.0, 4.0, 5.0, 3.0, 4.0, 3.0, 4.0, 2.0, 6.0, 3.0, 3.0, 32.0, 3.0, 2.0, 8.0, 2.0, 2.0, 8.0, 1.0, 1.0, 2.0, 2.0, 0.0, 0.0, 2.0, 1.0, 1.0, 1.0, 2.0, 0.0, 1.0, 2.0, 0.0, 1.0, 1.0, 0.0, 0.0, 0.0, 0.0, 0.0, 0.0, 0.0, 1.0, 0.0, 0.0, 0.0, 1.0], "bins": [-0.003312088781967759, -0.0031947700772434473, -0.0030774513725191355, -0.0029601326677948236, -0.002842813963070512, -0.0027254952583462, -0.0026081763207912445, -0.0024908576160669327, -0.002373538911342621, -0.002256220206618309, -0.002138901501893997, -0.0020215827971696854, -0.0019042640924453735, -0.0017869453877210617, -0.001669626566581428, -0.0015523078618571162, -0.0014349892735481262, -0.0013176705688238144, -0.0012003518640995026, -0.0010830331593751907, -0.000965714396443218, -0.0008483956917189062, -0.0007310769287869334, -0.0006137582240626216, -0.0004964394029229879, -0.0003791206981986761, -0.0002618019643705338, -0.00014448323054239154, -2.716452581807971e-05, 9.015417890623212e-05, 0.00020747294183820486, 0.0003247916465625167, 0.00044211046770215034, 0.0005594291724264622, 0.000676747877150774, 0.0007940666400827467, 0.0009113853448070586, 0.0010287039913237095, 0.0011460228124633431, 0.001263341517187655, 0.001380660105496645, 0.0014979788102209568, 0.0016152975149452686, 0.0017326162196695805, 0.0018499349243938923, 0.001967253629118204, 0.002084572333842516, 0.0022018910385668278, 0.0023192099761217833, 0.002436528680846095, 0.002553847385570407, 0.0026711660902947187, 0.0027884847950190306, 0.0029058034997433424, 0.003023122437298298, 0.0031404411420226097, 0.0032577598467469215, 0.0033750785514712334, 0.003492397256195545, 0.003609715960919857, 0.003727034665644169, 0.0038443533703684807, 0.0039616720750927925, 0.004078990779817104, 0.004196309484541416]}, "gradients/graph_1conv_linear_relu_stack.4.weight": {"_type": "histogram", "values": [3.0, 0.0, 1.0, 0.0, 1.0, 1.0, 1.0, 5.0, 7.0, 4.0, 4.0, 6.0, 16.0, 21.0, 30.0, 36.0, 36.0, 63.0, 82.0, 113.0, 144.0, 208.0, 304.0, 416.0, 614.0, 864.0, 1374.0, 2694.0, 23843.0, 8357.0, 2558.0, 1384.0, 857.0, 547.0, 351.0, 257.0, 178.0, 149.0, 90.0, 111.0, 76.0, 51.0, 46.0, 46.0, 32.0, 20.0, 12.0, 16.0, 8.0, 7.0, 10.0, 8.0, 4.0, 4.0, 2.0, 0.0, 0.0, 1.0, 1.0, 1.0, 2.0, 1.0, 1.0, 1.0], "bins": [-0.04358232393860817, -0.04207819327712059, -0.04057406634092331, -0.03906993567943573, -0.03756580874323845, -0.03606167808175087, -0.03455755114555359, -0.03305342048406601, -0.03154928982257843, -0.030045161023736, -0.02854103222489357, -0.02703690156340599, -0.02553277276456356, -0.02402864396572113, -0.0225245151668787, -0.02102038636803627, -0.01951625756919384, -0.01801212877035141, -0.01650799997150898, -0.015003870241343975, -0.01349974051117897, -0.01199561171233654, -0.01049148291349411, -0.008987353183329105, -0.00748322531580925, -0.0059790960513055325, -0.004474966786801815, -0.002970837987959385, -0.0014667087234556675, 3.742054104804993e-05, 0.00154154933989048, 0.0030456790700554848, 0.0045498088002204895, 0.006053938064724207, 0.007558067329227924, 0.009062196128070354, 0.01056632585823536, 0.01207045465707779, 0.01357458345592022, 0.015078713186085224, 0.01658284291625023, 0.01808697171509266, 0.01959110051393509, 0.02109523117542267, 0.0225993599742651, 0.02410348877310753, 0.02560761757194996, 0.02711174637079239, 0.02861587516963482, 0.03012000396847725, 0.03162413462996483, 0.03312826156616211, 0.03463239222764969, 0.03613652288913727, 0.03764064982533455, 0.03914478048682213, 0.04064890742301941, 0.04215303808450699, 0.04365716502070427, 0.04516129568219185, 0.04666542261838913, 0.04816955327987671, 0.04967368394136429, 0.05117781087756157, 0.05268194153904915]}, "gradients/graph_1conv_linear_relu_stack.0.weight": {"_type": "histogram",