{"mean val loss": 0.26539666703931847, "mean val accuracy": 92.21000000000001, "_timestamp": 1654626370, "_runtime": 136, "_step": 3, "gradients/conv_linear_relu_stack.6.bias": {"_type": "histogram", "values": [1.0, 0.0, 0.0, 0.0, 0.0, 0.0, 0.0, 0.0, 0.0, 0.0, 1.0, 0.0, 0.0, 0.0, 0.0, 0.0, 1.0, 0.0, 0.0, 0.0, 0.0, 0.0, 0.0, 0.0, 0.0, 0.0, 0.0, 0.0, 0.0, 0.0, 0.0, 1.0, 0.0, 0.0, 0.0, 0.0, 0.0, 1.0, 2.0, 0.0, 0.0, 0.0, 0.0, 0.0, 0.0, 1.0, 1.0, 0.0, 0.0, 0.0, 0.0, 0.0, 0.0, 0.0, 0.0, 0.0, 0.0, 0.0, 0.0, 0.0, 0.0, 0.0, 0.0, 1.0], "bins": [-0.024960389360785484, -0.024200236424803734, -0.023440083488821983, -0.022679928690195084, -0.021919775754213333, -0.021159622818231583, -0.020399469882249832, -0.01963931694626808, -0.01887916401028633, -0.01811901107430458, -0.01735885813832283, -0.01659870520234108, -0.01583855040371418, -0.01507839746773243, -0.014318244531750679, -0.013558091595768929, -0.012797936797142029, -0.012037783861160278, -0.011277629993855953, -0.010517477057874203, -0.009757323190569878, -0.008997170254588127, -0.008237017318606377, -0.007476863916963339, -0.006716711446642876, -0.005956558044999838, -0.0051964046433568, -0.00443625170737505, -0.003676098305732012, -0.002915944904088974, -0.0021557919681072235, -0.0013956385664641857, -0.0006354823708534241, 0.0001246709143742919, 0.0008848241996020079, 0.001644977368414402, 0.00240513077005744, 0.0031652841717004776, 0.003925437107682228, 0.004685590509325266, 0.005445744842290878, 0.006205898243933916, 0.006966051645576954, 0.007726204581558704, 0.00848635844886303, 0.00924651138484478, 0.01000666432082653, 0.010766817256808281, 0.011526970192790031, 0.012287123128771782, 0.013047276996076107, 0.013807429932057858, 0.014567583799362183, 0.015327736735343933, 0.016087889671325684, 0.016848042607307434, 0.017608195543289185, 0.018368348479270935, 0.019128501415252686, 0.019888654351234436, 0.020648809149861336, 0.021408962085843086, 0.022169115021824837, 0.022929267957806587, 0.023689422756433487]}, "gradients/conv_linear_relu_stack.6.weight": {"_type": "histogram", "values": [1.0, 2.0, 1.0, 1.0, 0.0, 0.0, 1.0, 1.0, 2.0, 1.0, 3.0, 2.0, 3.0, 2.0, 1.0, 3.0, 6.0, 11.0, 5.0, 10.0, 9.0, 8.0, 8.0, 22.0, 15.0, 19.0, 32.0, 30.0, 46.0, 67.0, 79.0, 365.0, 153.0, 87.0, 66.0, 45.0, 32.0, 23.0, 19.0, 15.0, 14.0, 8.0, 15.0, 6.0, 3.0, 2.0, 6.0, 5.0, 5.0, 3.0, 3.0, 3.0, 3.0, 2.0, 0.0, 2.0, 0.0, 1.0, 0.0, 1.0, 0.0, 1.0, 0.0, 1.0], "bins": [-0.17309041321277618, -0.16763269901275635, -0.1621749848127365, -0.15671727061271667, -0.15125955641269684, -0.145801842212677, -0.14034414291381836, -0.13488641381263733, -0.1294287145137787, -0.12397100031375885, -0.11851328611373901, -0.11305557191371918, -0.10759785771369934, -0.1021401435136795, -0.09668243676424026, -0.09122472256422043, -0.08576700091362, -0.08030928671360016, -0.07485157251358032, -0.06939385831356049, -0.06393614411354065, -0.05847843363881111, -0.053020723164081573, -0.04756300896406174, -0.0421053022146225, -0.03664758801460266, -0.031189875677227974, -0.025732163339853287, -0.02027444913983345, -0.014816734939813614, -0.009359024465084076, -0.0039013102650642395, 0.001556396484375, 0.007014109753072262, 0.012471823021769524, 0.01792953535914421, 0.023387249559164047, 0.028844963759183884, 0.03430267423391342, 0.03976038843393326, 0.04521811008453369, 0.05067582428455353, 0.056133538484573364, 0.0615912489593029, 0.06704896688461304, 0.07250668108463287, 0.07796438783407211, 0.08342210203409195, 0.08887980878353119, 0.09433752298355103, 0.09979523718357086, 0.1052529513835907, 0.11071066558361053, 0.11616837978363037, 0.12162608653306961, 0.12708380818367004, 0.1325415074825287, 0.13799922168254852, 0.14345693588256836, 0.1489146500825882, 0.15437236428260803, 0.15983007848262787, 0.1652877926826477, 0.17074549198150635, 0.17620322108268738]}, "gradients/conv_linear_relu_stack.4.bias": {"_type": "histogram", "values": [1.0, 0.0, 0.0, 0.0, 0.0, 0.0, 0.0, 0.0, 1.0, 1.0, 1.0, 1.0, 2.0, 3.0, 3.0, 5.0, 1.0, 1.0, 2.0, 1.0, 4.0, 3.0, 1.0, 2.0, 4.0, 2.0, 4.0, 4.0, 3.0, 6.0, 18.0, 6.0, 2.0, 5.0, 4.0, 1.0, 3.0, 3.0, 1.0, 1.0, 4.0, 3.0, 1.0, 2.0, 1.0, 4.0, 1.0, 1.0, 2.0, 0.0, 1.0, 1.0, 1.0, 0.0, 0.0, 0.0, 1.0, 0.0, 1.0, 2.0, 0.0, 1.0, 0.0, 1.0], "bins": [-0.007741488516330719, -0.007491231430321932, -0.007240974809974432, -0.006990717723965645, -0.006740461103618145, -0.006490204017609358, -0.006239946931600571, -0.005989690311253071, -0.005739433225244284, -0.0054891761392354965, -0.005238919518887997, -0.0049886624328792095, -0.004738405346870422, -0.0044881487265229225, -0.004237891640514135, -0.003987634554505348, -0.0037373779341578484, -0.003487121080979705, -0.0032368642278015614, -0.002986607141792774, -0.0027363502886146307, -0.002486093435436487, -0.0022358363494277, -0.0019855794962495565, -0.001735322643071413, -0.0014850657898932695, -0.0012348088202998042, -0.0009845518507063389, -0.0007342949975281954, -0.0004840381443500519, -0.00023378117475658655, 1.6475794836878777e-05, 0.0002667326480150223, 0.0005169895594008267, 0.0007672464707866311, 0.0010175034403800964, 0.00126776029355824, 0.0015180171467363834, 0.0017682741163298488, 0.002018531085923314, 0.0022687879391014576, 0.002519044792279601, 0.0027693016454577446, 0.0030195587314665318, 0.0032698155846446753, 0.0035200724378228188, 0.003770329523831606, 0.004020586609840393, 0.004270843230187893, 0.00452110031619668, 0.00477135693654418, 0.005021614022552967, 0.005271870642900467, 0.005522127728909254, 0.005772384814918041, 0.006022641435265541, 0.006272898521274328, 0.006523155607283115, 0.006773412227630615, 0.007023669313639402, 0.0072739263996481895, 0.007524183019995689, 0.0077744401060044765, 0.008024697192013264, 0.008274953812360764]}, "gradients/conv_linear_relu_stack.4.weight": {"_type": "histogram", "values": [2.0, 0.0, 1.0, 0.0, 1.0, 3.0, 1.0, 0.0, 2.0, 2.0, 0.0, 0.0, 11.0, 9.0, 12.0, 16.0, 24.0, 27.0, 30.0, 44.0, 69.0, 90.0, 150.0, 164.0, 179.0, 290.0, 367.0, 468.0, 655.0, 917.0, 1157.0, 1591.0, 2828.0, 7488.0, 19469.0, 3269.0, 1646.0, 1219.0, 932.0, 676.0, 510.0, 396.0, 319.0, 243.0, 192.0, 122.0, 112.0, 77.0, 70.0, 52.0, 51.0, 42.0, 26.0, 12.0, 15.0, 10.0, 7.0, 1.0, 3.0, 5.0, 3.0, 0.0, 2.0, 1.0], "bins": [-0.07970734685659409, -0.07737231999635696, -0.07503729313611984, -0.07270226627588272, -0.0703672394156456, -0.06803221255540848, -0.06569718569517136, -0.06336216628551483, -0.06102713569998741, -0.05869210883975029, -0.05635708197951317, -0.05402205511927605, -0.051687031984329224, -0.0493520051240921, -0.04701697826385498, -0.04468195140361786, -0.04234692454338074, -0.040011897683143616, -0.037676870822906494, -0.03534184396266937, -0.03300681710243225, -0.03067179210484028, -0.028336767107248306, -0.026001740247011185, -0.023666713386774063, -0.02133168652653694, -0.01899665966629982, -0.016661634668707848, -0.014326607808470726, -0.011991580948233604, -0.009656555019319057, -0.0073215290904045105, -0.004986509680747986, -0.0026514832861721516, -0.0003164568915963173, 0.002018569502979517, 0.004353595897555351, 0.006688622757792473, 0.00902364868670702, 0.011358674615621567, 0.013693701475858688, 0.01602872833609581, 0.01836375519633293, 0.020698780193924904, 0.023033807054162025, 0.025368833914399147, 0.02770385891199112, 0.03003888577222824, 0.03237391263246536, 0.034708939492702484, 0.037043966352939606, 0.03937899321317673, 0.04171402007341385, 0.04404904693365097, 0.046384070068597794, 0.048719096928834915, 0.05105412378907204, 0.05338915064930916, 0.05572417750954628, 0.0580592043697834, 0.060394227504730225, 0.06272925436496735, 0.06506428122520447, 0.06739930808544159, 0.06973433494567871]}, "gradients/conv_linear_relu_stack.0.weight": {"_type": "histogram",