{"mean val loss": 0.23425243937285842, "mean val accuracy": 93.44, "_timestamp": 1654625057, "_runtime": 249, "_step": 1, "gradients/graph_1conv_linear_relu_stack.6.bias": {"_type": "histogram", "values": [1.0, 0.0, 0.0, 0.0, 0.0, 0.0, 0.0, 0.0, 0.0, 1.0, 0.0, 0.0, 0.0, 1.0, 0.0, 0.0, 0.0, 0.0, 0.0, 0.0, 0.0, 0.0, 0.0, 0.0, 1.0, 0.0, 0.0, 0.0, 0.0, 0.0, 0.0, 0.0, 0.0, 0.0, 0.0, 0.0, 0.0, 0.0, 0.0, 1.0, 0.0, 0.0, 0.0, 0.0, 0.0, 0.0, 1.0, 1.0, 0.0, 0.0, 0.0, 0.0, 0.0, 1.0, 0.0, 0.0, 0.0, 0.0, 0.0, 0.0, 0.0, 1.0, 0.0, 1.0], "bins": [-0.014093264937400818, -0.013702687807381153, -0.013312110677361488, -0.012921533547341824, -0.012530956417322159, -0.01214037835597992, -0.011749801225960255, -0.01135922409594059, -0.010968646965920925, -0.01057806983590126, -0.010187492705881596, -0.00979691557586193, -0.009406337514519691, -0.009015760384500027, -0.008625183254480362, -0.008234606124460697, -0.007844028994441032, -0.007453451864421368, -0.007062874734401703, -0.006672297138720751, -0.006281720008701086, -0.005891142878681421, -0.005500565283000469, -0.0051099881529808044, -0.00471941102296114, -0.004328833892941475, -0.00393825676292181, -0.003547679167240858, -0.0031571020372211933, -0.0027665249072015285, -0.00237594754435122, -0.0019853701815009117, -0.0015947939828038216, -0.001204216736368835, -0.0008136394899338484, -0.0004230622434988618, -3.24849970638752e-05, 0.0003580922493711114, 0.000748669495806098, 0.0011392468586564064, 0.0015298239886760712, 0.0019204012351110578, 0.0023109784815460443, 0.0027015558443963528, 0.0030921329744160175, 0.0034827101044356823, 0.0038732874672859907, 0.004263864830136299, 0.004654441960155964, 0.005045019090175629, 0.005435596220195293, 0.0058261738158762455, 0.00621675094589591, 0.006607328075915575, 0.006997905671596527, 0.007388482801616192, 0.007779059931635857, 0.008169637061655521, 0.008560214191675186, 0.008950791321694851, 0.009341368451714516, 0.009731946513056755, 0.01012252364307642, 0.010513100773096085, 0.01090367790311575]}, "gradients/graph_1conv_linear_relu_stack.6.weight": {"_type": "histogram", "values": [2.0, 1.0, 1.0, 1.0, 1.0, 3.0, 2.0, 1.0, 0.0, 1.0, 3.0, 2.0, 3.0, 9.0, 4.0, 7.0, 9.0, 7.0, 12.0, 7.0, 13.0, 16.0, 16.0, 13.0, 19.0, 15.0, 22.0, 22.0, 18.0, 33.0, 32.0, 46.0, 47.0, 293.0, 149.0, 77.0, 56.0, 30.0, 46.0, 34.0, 27.0, 30.0, 25.0, 24.0, 14.0, 12.0, 7.0, 12.0, 9.0, 15.0, 5.0, 8.0, 7.0, 2.0, 2.0, 2.0, 0.0, 0.0, 3.0, 0.0, 0.0, 2.0, 0.0, 1.0], "bins": [-0.10604807734489441, -0.10291046649217606, -0.0997728630900383, -0.09663525223731995, -0.09349764883518219, -0.09036003798246384, -0.08722242712974548, -0.08408482372760773, -0.08094721287488937, -0.07780960202217102, -0.07467199862003326, -0.07153438776731491, -0.06839677691459656, -0.0652591735124588, -0.06212156265974045, -0.05898395553231239, -0.05584634840488434, -0.052708741277456284, -0.04957113415002823, -0.046433523297309875, -0.04329591616988182, -0.040158309042453766, -0.03702069818973541, -0.03388309106230736, -0.030745483934879303, -0.027607876807451248, -0.024470267817378044, -0.02133265882730484, -0.018195051699876785, -0.01505744457244873, -0.011919835582375526, -0.008782226592302322, -0.005644612014293671, -0.0025070039555430412, 0.0006306041032075882, 0.0037682121619582176, 0.006905820220708847, 0.010043427348136902, 0.013181036338210106, 0.01631864532828331, 0.019456252455711365, 0.02259385958313942, 0.025731468573212624, 0.028869077563285828, 0.03200668469071388, 0.03514429181814194, 0.03828190267086029, 0.041419509798288345, 0.0445571169257164, 0.047694724053144455, 0.05083233118057251, 0.05396994203329086, 0.05710754916071892, 0.06024515628814697, 0.06338276714086533, 0.06652037799358368, 0.06965798139572144, 0.07279559224843979, 0.07593319565057755, 0.0790708065032959, 0.08220840990543365, 0.08534602075815201, 0.08848363161087036, 0.09162123501300812, 0.09475884586572647]}, "gradients/graph_1conv_linear_relu_stack.4.bias": {"_type": "histogram", "values": [2.0, 0.0, 1.0, 1.0, 2.0, 0.0, 0.0, 0.0, 0.0, 2.0, 0.0, 0.0, 1.0, 2.0, 1.0, 0.0, 1.0, 1.0, 0.0, 1.0, 1.0, 1.0, 4.0, 6.0, 3.0, 2.0, 4.0, 4.0, 3.0, 1.0, 6.0, 3.0, 7.0, 15.0, 7.0, 1.0, 1.0, 3.0, 3.0, 7.0, 2.0, 3.0, 0.0, 0.0, 1.0, 2.0, 2.0, 6.0, 2.0, 0.0, 1.0, 2.0, 2.0, 0.0, 3.0, 0.0, 2.0, 0.0, 1.0, 0.0, 0.0, 1.0, 0.0, 1.0], "bins": [-0.005675103049725294, -0.005503248888999224, -0.005331395193934441, -0.00515954103320837, -0.0049876868724823, -0.004815832711756229, -0.004643979016691446, -0.004472124855965376, -0.004300271160900593, -0.004128417000174522, -0.003956563305109739, -0.003784709144383669, -0.0036128549836575985, -0.0034410010557621717, -0.003269147127866745, -0.0030972929671406746, -0.002925438806414604, -0.0027535848785191774, -0.002581730717793107, -0.0024098767898976803, -0.00223802262917161, -0.002066168701276183, -0.0018943147733807564, -0.0017224607290700078, -0.0015506069175899029, -0.0013787528732791543, -0.0012068988289684057, -0.001035044901072979, -0.0008631908567622304, -0.0006913368124514818, -0.0005194828845560551, -0.0003476288402453065, -0.00017577409744262695, -3.920082235708833e-06, 0.0001679339329712093, 0.00033978791907429695, 0.0005116419633850455, 0.0006834960076957941, 0.0008553499355912209, 0.0010272039799019694, 0.0011990582570433617, 0.0013709123013541102, 0.0015427663456648588, 0.0017146202735602856, 0.0018864743178710341, 0.0020583283621817827, 0.0022301822900772095, 0.00240203645080328, 0.002573890145868063, 0.0027457440737634897, 0.00291759823448956, 0.003089452162384987, 0.0032613063231110573, 0.003433160251006484, 0.0036050141789019108, 0.003776868339627981, 0.003948722034692764, 0.004120576195418835, 0.004292429890483618, 0.004464284051209688, 0.004636138211935759, 0.004807991907000542, 0.004979846067726612, 0.0051517002284526825, 0.005323554389178753]}, "gradients/graph_1conv_linear_relu_stack.4.weight": {"_type": "histogram", "values": [3.0, 3.0, 3.0, 4.0, 2.0, 7.0, 10.0, 7.0, 7.0, 10.0, 14.0, 22.0, 28.0, 38.0, 31.0, 38.0, 60.0, 49.0, 72.0, 98.0, 137.0, 151.0, 199.0, 232.0, 353.0, 507.0, 659.0, 971.0, 1576.0, 2878.0, 5727.0, 19383.0, 4969.0, 2618.0, 1456.0, 973.0, 707.0, 492.0, 348.0, 260.0, 216.0, 156.0, 127.0, 104.0, 77.0, 62.0, 50.0, 42.0, 28.0, 27.0, 19.0, 18.0, 5.0, 15.0, 10.0, 3.0, 3.0, 4.0, 1.0, 1.0, 4.0, 3.0, 1.0, 2.0], "bins": [-0.059593405574560165, -0.057697199285030365, -0.05580099672079086, -0.05390479415655136, -0.05200858786702156, -0.05011238157749176, -0.04821617901325226, -0.046319976449012756, -0.044423770159482956, -0.042527563869953156, -0.040631361305713654, -0.03873515874147415, -0.03683895245194435, -0.03494274616241455, -0.03304654359817505, -0.031150339171290398, -0.029254134744405746, -0.027357930317521095, -0.025461725890636444, -0.023565521463751793, -0.02166931703686714, -0.01977311260998249, -0.01787690818309784, -0.015980703756213188, -0.014084499329328537, -0.012188294902443886, -0.010292090475559235, -0.008395886048674583, -0.006499681621789932, -0.004603477194905281, -0.00270727276802063, -0.0008110683411359787, 0.001085132360458374, 0.002981336787343025, 0.004877541214227676, 0.006773745641112328, 0.008669950067996979, 0.01056615449488163, 0.012462358921766281, 0.014358563348650932, 0.016254767775535583, 0.018150972202420235, 0.020047176629304886, 0.021943381056189537, 0.023839585483074188, 0.02573578990995884, 0.02763199433684349, 0.029528198763728142, 0.03142440319061279, 0.033320605754852295, 0.035216812044382095, 0.037113018333911896, 0.0390092208981514, 0.0409054234623909, 0.0428016297519207, 0.0446978360414505, 0.04659403860569, 0.048490241169929504, 0.050386447459459305, 0.052282653748989105, 0.05417885631322861, 0.05607505887746811, 0.05797126516699791, 0.05986747145652771, 0.06176367402076721]}, "gradients/graph_1conv_linear_relu_stack.0.weight": {"_type": "histogram",