{"mean val loss": 0.08005726644709991, "mean val accuracy": 97.54, "_timestamp": 1654627890, "_runtime": 1010, "_step": 24, "gradients/linear_relu_stack.2.bias": {"_type": "histogram", "values": [1.0, 0.0, 1.0, 0.0, 0.0, 0.0, 0.0, 1.0, 0.0, 0.0, 0.0, 0.0, 0.0, 0.0, 1.0, 0.0, 0.0, 0.0, 0.0, 0.0, 0.0, 0.0, 0.0, 0.0, 1.0, 0.0, 0.0, 0.0, 0.0, 0.0, 0.0, 0.0, 0.0, 0.0, 0.0, 0.0, 0.0, 0.0, 0.0, 0.0, 0.0, 0.0, 0.0, 0.0, 0.0, 0.0, 1.0, 0.0, 0.0, 1.0, 0.0, 0.0, 1.0, 0.0, 0.0, 1.0, 0.0, 0.0, 0.0, 0.0, 0.0, 0.0, 0.0, 1.0], "bins": [-0.006055451929569244, -0.005865035112947226, -0.005674618761986494, -0.005484201945364475, -0.0052937851287424564, -0.005103368312120438, -0.004912951961159706, -0.004722535144537687, -0.0045321183279156685, -0.00434170151129365, -0.004151285160332918, -0.003960868343710899, -0.0037704515270888805, -0.0035800349432975054, -0.0033896183595061302, -0.0031992015428841114, -0.00300878519192338, -0.0028183686081320047, -0.002627951791509986, -0.0024375352077186108, -0.002247118391096592, -0.002056701807305217, -0.0018662852235138416, -0.0016758685233071446, -0.0014854520559310913, -0.0012950353557243943, -0.0011046186555176973, -0.0009142020717263222, -0.0007237853715196252, -0.0005333686713129282, -0.00034295208752155304, -0.00015253538731485605, 3.788154572248459e-05, 0.00022829821682535112, 0.00041871488792821765, 0.0006091315299272537, 0.0007995482301339507, 0.0009899649303406477, 0.0011803815141320229, 0.0013707982143387198, 0.0015612151473760605, 0.0017516318475827575, 0.0019420485477894545, 0.0021324651315808296, 0.0023228819482028484, 0.0025132985319942236, 0.0027037151157855988, 0.0028941319324076176, 0.003084548283368349, 0.0032749648671597242, 0.003465381683781743, 0.003655798267573118, 0.003846215084195137, 0.0040366314351558685, 0.004227048251777887, 0.004417465068399906, 0.004607881419360638, 0.0047982982359826565, 0.004988714586943388, 0.005179131403565407, 0.005369548220187426, 0.005559965036809444, 0.005750381387770176, 0.005940798204392195, 0.0061312150210142136]}, "gradients/linear_relu_stack.2.weight": {"_type": "histogram", "values": [1.0, 0.0, 1.0, 0.0, 0.0, 0.0, 0.0, 0.0, 1.0, 1.0, 3.0, 1.0, 0.0, 0.0, 4.0, 4.0, 3.0, 3.0, 7.0, 5.0, 4.0, 6.0, 10.0, 20.0, 7.0, 8.0, 10.0, 14.0, 15.0, 17.0, 26.0, 42.0, 28.0, 42.0, 36.0, 39.0, 68.0, 286.0, 122.0, 72.0, 77.0, 54.0, 47.0, 42.0, 27.0, 24.0, 17.0, 18.0, 15.0, 11.0, 9.0, 8.0, 8.0, 4.0, 2.0, 3.0, 3.0, 3.0, 0.0, 1.0, 0.0, 0.0, 0.0, 1.0], "bins": [-0.038765400648117065, -0.03772781416773796, -0.036690227687358856, -0.03565264120697975, -0.03461505472660065, -0.03357747197151184, -0.03253988176584244, -0.03150229901075363, -0.030464712530374527, -0.029427126049995422, -0.028389539569616318, -0.027351953089237213, -0.026314368471503258, -0.025276781991124153, -0.02423919551074505, -0.023201609030365944, -0.02216402254998684, -0.021126436069607735, -0.02008884958922863, -0.019051264971494675, -0.01801367849111557, -0.016976092010736465, -0.01593850553035736, -0.014900919049978256, -0.013863332569599152, -0.012825746089220047, -0.011788160540163517, -0.010750574059784412, -0.009712988510727882, -0.008675402030348778, -0.007637815549969673, -0.006600229535251856, -0.005562646314501762, -0.004525060299783945, -0.003487474052235484, -0.002449887804687023, -0.0014123017899692059, -0.00037471577525138855, 0.0006628707051277161, 0.0017004567198455334, 0.002738041803240776, 0.0037756278179585934, 0.004813213832676411, 0.005850800313055515, 0.006888386327773333, 0.00792597234249115, 0.008963558822870255, 0.010001145303249359, 0.011038731783628464, 0.012076318264007568, 0.013113903813064098, 0.014151490293443203, 0.015189075842499733, 0.016226662322878838, 0.017264248803257942, 0.018301835283637047, 0.019339419901371002, 0.020377006381750107, 0.02141459286212921, 0.022452179342508316, 0.02348976396024227, 0.024527350440621376, 0.02556493692100048, 0.026602523401379585, 0.02764010988175869]}, "gradients/linear_relu_stack.0.bias": {"_type": "histogram", "values": [1.0, 0.0, 1.0, 0.0, 0.0, 0.0, 1.0, 0.0, 0.0, 1.0, 2.0, 0.0, 1.0, 1.0, 1.0, 2.0, 4.0, 1.0, 2.0, 4.0, 3.0, 4.0, 4.0, 7.0, 1.0, 10.0, 5.0, 6.0, 1.0, 5.0, 6.0, 2.0, 6.0, 3.0, 3.0, 1.0, 3.0, 5.0, 5.0, 4.0, 1.0, 1.0, 0.0, 3.0, 0.0, 2.0, 1.0, 3.0, 0.0, 0.0, 1.0, 1.0, 0.0, 1.0, 1.0, 1.0, 2.0, 1.0, 0.0, 0.0, 0.0, 0.0, 1.0, 2.0], "bins": [-0.0057610515505075455, -0.005571041256189346, -0.00538103049620986, -0.005191019736230373, -0.005001009441912174, -0.004810999147593975, -0.004620988387614489, -0.004430977627635002, -0.004240967333316803, -0.004050957038998604, -0.0038609462790191174, -0.0036709357518702745, -0.0034809252247214317, -0.003290914697572589, -0.003100904170423746, -0.0029108936432749033, -0.0027208831161260605, -0.0025308725889772177, -0.002340862061828375, -0.002150851534679532, -0.0019608410075306892, -0.0017708304803818464, -0.0015808199532330036, -0.0013908094260841608, -0.001200798898935318, -0.0010107883717864752, -0.0008207778446376324, -0.0006307673174887896, -0.00044075679033994675, -0.00025074626319110394, -6.0735736042261124e-05, 0.0001292747911065817, 0.0003192848525941372, 0.00050929537974298, 0.0006993059068918228, 0.0008893164340406656, 0.0010793269611895084, 0.0012693374883383512, 0.001459348015487194, 0.0016493585426360369, 0.0018393690697848797, 0.0020293795969337225, 0.0022193901240825653, 0.002409400651231408, 0.002599411178380251, 0.0027894217055290937, 0.0029794322326779366, 0.0031694427598267794, 0.003359453286975622, 0.003549463814124465, 0.003739474341273308, 0.003929484635591507, 0.004119495395570993, 0.00430950615555048, 0.004499516449868679, 0.004689526744186878, 0.004879537504166365, 0.005069548264145851, 0.00525955855846405, 0.0054495688527822495, 0.005639579612761736, 0.005829590372741222, 0.0060196006670594215, 0.006209610961377621, 0.006399621721357107]}, "gradients/linear_relu_stack.0.weight": {"_type": "histogram", "values": [1.0, 4.0, 7.0, 7.0, 8.0, 12.0, 12.0, 30.0, 34.0, 64.0, 71.0, 81.0, 122.0, 172.0, 233.0, 325.0, 413.0, 503.0, 662.0, 726.0, 964.0, 1366.0, 3420.0, 5887.0, 6365.0, 14342.0, 16791.0, 21691.0, 12018.0, 4870.0, 2527.0, 1325.0, 1070.0, 844.0, 731.0, 488.0, 438.0, 365.0, 277.0, 228.0, 192.0, 157.0, 116.0, 71.0, 60.0, 69.0, 49.0, 40.0, 20.0, 23.0, 22.0, 15.0, 8.0, 9.0, 4.0, 2.0, 0.0, 0.0, 0.0, 0.0, 0.0, 0.0, 0.0, 1.0], "bins": [-0.016361292451620102, -0.015749847516417503, -0.015138402581214905, -0.014526957646012306, -0.013915512710809708, -0.013304067775607109, -0.012692623771727085, -0.012081178836524487, -0.011469733901321888, -0.01085828896611929, -0.01024684403091669, -0.009635399095714092, -0.009023955091834068, -0.00841251015663147, -0.007801065221428871, -0.007189620286226273, -0.006578175351023674, -0.0059667304158210754, -0.005355285480618477, -0.004743841011077166, -0.004132396075874567, -0.0035209511406719685, -0.0029095064383000135, -0.0022980617359280586, -0.00168661680072546, -0.0010751719819381833, -0.00046372716315090656, 0.00014771765563637018, 0.0007591624744236469, 0.0013706074096262455, 0.0019820521119982004, 0.0025934968143701553, 0.003204941749572754, 0.0038163866847753525, 0.004427831619977951, 0.005039276089519262, 0.005650721024721861, 0.0062621659599244595, 0.006873610429465771, 0.007485055364668369, 0.008096500299870968, 0.008707945235073566, 0.009319390170276165, 0.009930835105478764, 0.010542279109358788, 0.011153724044561386, 0.011765168979763985, 0.012376613914966583, 0.012988058850169182, 0.01359950378537178, 0.014210948720574379, 0.014822393655776978, 0.015433838590979576, 0.016045283526182175, 0.016656728461384773, 0.017268173396587372, 0.01787961646914482, 0.01849106140434742, 0.01910250633955002, 0.019713951274752617, 0.020325396209955215, 0.020936841145157814, 0.021548286080360413, 0.022159729152917862, 0.02277117595076561]}, "_wandb": {"runtime": 1007}}