{"mean val loss": 0.18978273073674007, "mean val accuracy": 94.41000000000001, "_timestamp": 1654625595, "_runtime": 193, "_step": 5, "gradients/linear_relu_stack.2.bias": {"_type": "histogram", "values": [1.0, 0.0, 0.0, 0.0, 0.0, 0.0, 0.0, 0.0, 0.0, 0.0, 1.0, 0.0, 0.0, 0.0, 0.0, 0.0, 0.0, 0.0, 0.0, 0.0, 0.0, 1.0, 0.0, 0.0, 0.0, 0.0, 0.0, 0.0, 0.0, 0.0, 0.0, 0.0, 1.0, 0.0, 0.0, 0.0, 2.0, 1.0, 1.0, 0.0, 0.0, 0.0, 0.0, 0.0, 0.0, 0.0, 0.0, 0.0, 0.0, 0.0, 0.0, 0.0, 0.0, 0.0, 0.0, 0.0, 0.0, 0.0, 0.0, 0.0, 0.0, 1.0, 0.0, 1.0], "bins": [-0.02036779746413231, -0.019768638536334038, -0.019169479608535767, -0.018570320680737495, -0.017971161752939224, -0.017372002825140953, -0.016772843897342682, -0.01617368496954441, -0.01557452604174614, -0.014975367113947868, -0.014376208186149597, -0.013777049258351326, -0.013177890330553055, -0.012578731402754784, -0.011979572474956512, -0.011380413547158241, -0.01078125461935997, -0.010182095691561699, -0.009582936763763428, -0.008983777835965157, -0.008384618908166885, -0.007785459980368614, -0.007186301052570343, -0.006587142124772072, -0.005987983196973801, -0.0053888242691755295, -0.004789665341377258, -0.004190506413578987, -0.003591347485780716, -0.0029921885579824448, -0.0023930296301841736, -0.0017938707023859024, -0.0011947117745876312, -0.00059555284678936, 3.606081008911133e-06, 0.0006027650088071823, 0.0012019239366054535, 0.0018010828644037247, 0.002400241792201996, 0.002999400720000267, 0.003598559647798538, 0.004197718575596809, 0.004796877503395081, 0.005396036431193352, 0.005995195358991623, 0.006594354286789894, 0.007193513214588165, 0.0077926721423864365, 0.008391831070184708, 0.008990989997982979, 0.00959014892578125, 0.010189307853579521, 0.010788466781377792, 0.011387625709176064, 0.011986784636974335, 0.012585943564772606, 0.013185102492570877, 0.013784261420369148, 0.01438342034816742, 0.01498257927596569, 0.015581738203763962, 0.016180897131562233, 0.016780056059360504, 0.017379214987158775, 0.017978373914957047]}, "gradients/linear_relu_stack.2.weight": {"_type": "histogram", "values": [1.0, 1.0, 2.0, 2.0, 0.0, 0.0, 0.0, 0.0, 1.0, 3.0, 1.0, 2.0, 0.0, 2.0, 2.0, 2.0, 3.0, 6.0, 7.0, 3.0, 9.0, 7.0, 10.0, 14.0, 5.0, 8.0, 11.0, 17.0, 21.0, 17.0, 15.0, 38.0, 56.0, 59.0, 108.0, 364.0, 188.0, 85.0, 31.0, 30.0, 19.0, 17.0, 13.0, 17.0, 12.0, 5.0, 11.0, 8.0, 6.0, 7.0, 4.0, 6.0, 1.0, 3.0, 6.0, 2.0, 3.0, 1.0, 2.0, 0.0, 1.0, 0.0, 3.0, 2.0], "bins": [-0.08490054309368134, -0.08248623460531235, -0.08007192611694336, -0.07765761762857437, -0.07524330914020538, -0.0728289932012558, -0.07041468471288681, -0.06800037622451782, -0.06558606773614883, -0.06317175924777985, -0.06075745075941086, -0.05834313854575157, -0.055928830057382584, -0.053514521569013596, -0.05110020935535431, -0.04868590086698532, -0.04627159237861633, -0.043857283890247345, -0.04144297540187836, -0.03902866318821907, -0.03661435469985008, -0.034200046211481094, -0.03178573399782181, -0.02937142550945282, -0.026957117021083832, -0.024542808532714844, -0.022128498181700706, -0.01971418783068657, -0.01729987934231758, -0.014885569922626019, -0.012471260502934456, -0.010056950151920319, -0.007642634212970734, -0.005228324793279171, -0.0028140153735876083, -0.0003997059538960457, 0.002014603465795517, 0.00442891288548708, 0.006843222305178642, 0.00925753265619278, 0.011671841144561768, 0.01408615056425333, 0.016500459983944893, 0.01891477033495903, 0.021329078823328018, 0.023743387311697006, 0.026157697662711143, 0.02857200801372528, 0.03098631650209427, 0.03340062499046326, 0.035814933478832245, 0.03822924569249153, 0.04064355418086052, 0.04305786266922951, 0.045472174882888794, 0.04788648337125778, 0.05030079185962677, 0.05271510034799576, 0.055129408836364746, 0.05754372105002403, 0.05995802953839302, 0.06237233802676201, 0.0647866502404213, 0.06720095872879028, 0.06961526721715927]}, "gradients/linear_relu_stack.0.bias": {"_type": "histogram", "values": [1.0, 0.0, 0.0, 0.0, 0.0, 0.0, 0.0, 0.0, 0.0, 0.0, 0.0, 0.0, 0.0, 0.0, 1.0, 0.0, 2.0, 0.0, 1.0, 2.0, 0.0, 0.0, 2.0, 1.0, 0.0, 2.0, 1.0, 1.0, 1.0, 2.0, 7.0, 3.0, 1.0, 6.0, 5.0, 5.0, 5.0, 11.0, 11.0, 9.0, 5.0, 6.0, 5.0, 1.0, 2.0, 3.0, 5.0, 4.0, 1.0, 2.0, 1.0, 2.0, 2.0, 2.0, 2.0, 2.0, 1.0, 0.0, 1.0, 0.0, 0.0, 0.0, 0.0, 1.0], "bins": [-0.014071867801249027, -0.013703864067792892, -0.013335860334336758, -0.012967856600880623, -0.012599853798747063, -0.012231850065290928, -0.011863846331834793, -0.011495842598378658, -0.011127838864922523, -0.010759835131466389, -0.010391831398010254, -0.010023828595876694, -0.009655824862420559, -0.009287821128964424, -0.00891981739550829, -0.008551813662052155, -0.008183810859918594, -0.00781580712646246, -0.007447803858667612, -0.007079800125211477, -0.00671179685741663, -0.006343793123960495, -0.00597578939050436, -0.005607785657048225, -0.005239781923592091, -0.004871778190135956, -0.004503774922341108, -0.0041357711888849735, -0.0037677676882594824, -0.0033997641876339912, -0.0030317604541778564, -0.0026637569535523653, -0.0022957539185881615, -0.0019277504179626703, -0.0015597468009218574, -0.0011917431838810444, -0.0008237396832555532, -0.0004557361826300621, -8.773244917392731e-05, 0.00028027105145156384, 0.0006482740864157677, 0.0010162775870412588, 0.0013842812040820718, 0.0017522848211228848, 0.002120288321748376, 0.002488291822373867, 0.002856295555830002, 0.003224299056455493, 0.0035923030227422714, 0.003960306756198406, 0.004328310023993254, 0.0046963137574493885, 0.005064317025244236, 0.005432320758700371, 0.005800324492156506, 0.00616832822561264, 0.006536331493407488, 0.006904335226863623, 0.00727233849465847, 0.007640342228114605, 0.00800834596157074, 0.0083763487637043, 0.00874435342848301, 0.00911235623061657, 0.009480359964072704]}, "gradients/linear_relu_stack.0.weight": {"_type": "histogram", "values": [6.0, 5.0, 0.0, 0.0, 3.0, 1.0, 1.0, 8.0, 4.0, 9.0, 3.0, 2.0, 3.0, 7.0, 21.0, 22.0, 19.0, 26.0, 44.0, 76.0, 110.0, 110.0, 97.0, 107.0, 115.0, 172.0, 289.0, 308.0, 365.0, 479.0, 544.0, 717.0, 1415.0, 2051.0, 7789.0, 12248.0, 25804.0, 22725.0, 10548.0, 5407.0, 3290.0, 1030.0, 1005.0, 959.0, 410.0, 401.0, 328.0, 287.0, 245.0, 190.0, 172.0, 95.0, 79.0, 55.0, 48.0, 41.0, 26.0, 7.0, 8.0, 2.0, 3.0, 6.0, 3.0, 2.0], "bins": [-0.03654196858406067, -0.0355534553527832, -0.034564945846796036, -0.03357643634080887, -0.0325879231095314, -0.03159940987825394, -0.03061090037226677, -0.029622389003634453, -0.028633877635002136, -0.02764536626636982, -0.026656854897737503, -0.025668343529105186, -0.02467983216047287, -0.023691320791840553, -0.022702809423208237, -0.02171429805457592, -0.020725786685943604, -0.019737275317311287, -0.01874876394867897, -0.017760252580046654, -0.016771741211414337, -0.01578322984278202, -0.014794718474149704, -0.013806207105517387, -0.01281769573688507, -0.011829184368252754, -0.010840672999620438, -0.009852161630988121, -0.008863650262355804, -0.007875138893723488, -0.006886627525091171, -0.005898116156458855, -0.004909602925181389, -0.003921091556549072, -0.0029325801879167557, -0.001944068819284439, -0.0009555574506521225, 3.295391798019409e-05, 0.0010214652866125107, 0.0020099766552448273, 0.002998488023877144, 0.0039869993925094604, 0.004975510761141777, 0.005964022129774094, 0.00695253349840641, 0.007941044867038727, 0.008929556235671043, 0.00991806760430336, 0.010906578972935677, 0.011895090341567993, 0.01288360171020031, 0.013872113078832626, 0.014860624447464943, 0.01584913581609726, 0.016837647184729576, 0.017826158553361893, 0.01881466992199421, 0.019803181290626526, 0.020791692659258842, 0.02178020402789116, 0.022768715396523476, 0.023757226765155792, 0.02474573813378811, 0.025734249502420425, 0.026722760871052742]}, "_wandb": {"runtime": 196}}