{"mean val loss": 0.029235037154174012, "mean val accuracy": 99.03999999999999, "_timestamp": 1654630368, "_runtime": 1301, "_step": 24, "gradients/graph_2conv_pooling_linear_relu_stack.9.bias": {"_type": "histogram", "values": [1.0, 0.0, 0.0, 0.0, 0.0, 0.0, 0.0, 0.0, 0.0, 0.0, 0.0, 0.0, 0.0, 0.0, 0.0, 0.0, 0.0, 0.0, 0.0, 0.0, 0.0, 0.0, 0.0, 0.0, 0.0, 0.0, 0.0, 0.0, 1.0, 1.0, 0.0, 4.0, 1.0, 1.0, 0.0, 0.0, 0.0, 0.0, 0.0, 0.0, 0.0, 0.0, 0.0, 0.0, 0.0, 0.0, 0.0, 0.0, 0.0, 0.0, 0.0, 0.0, 0.0, 0.0, 0.0, 0.0, 0.0, 0.0, 0.0, 0.0, 0.0, 0.0, 0.0, 1.0], "bins": [-0.0017013916512951255, -0.0016470153350383043, -0.0015926389023661613, -0.0015382625861093402, -0.001483886269852519, -0.001429509837180376, -0.001375133520923555, -0.0013207572046667337, -0.0012663807719945908, -0.0012120044557377696, -0.0011576280230656266, -0.0011032517068088055, -0.0010488753905519843, -0.0009944990742951632, -0.0009401226416230202, -0.000885746325366199, -0.0008313700091093779, -0.0007769936346448958, -0.0007226173183880746, -0.0006682409439235926, -0.0006138646276667714, -0.0005594882532022893, -0.0005051118787378073, -0.00045073553337715566, -0.00039635912980884314, -0.0003419827844481915, -0.0002876064390875399, -0.00023323006462305784, -0.00017885371926240623, -0.00012447737390175462, -7.010099943727255e-05, -1.5724654076620936e-05, 3.8651516661047935e-05, 9.302786929765716e-05, 0.0001474042219342664, 0.00020178058184683323, 0.00025615692720748484, 0.00031053327256813645, 0.0003649096470326185, 0.00041928599239327013, 0.00047366227954626083, 0.0005280386540107429, 0.0005824149702675641, 0.0006367913447320461, 0.0006911676609888673, 0.0007455440354533494, 0.0007999204099178314, 0.0008542967261746526, 0.0009086731588467956, 0.0009630495333112776, 0.0010174259077757597, 0.0010718022240325809, 0.001126178540289402, 0.001180554972961545, 0.0012349312892183661, 0.0012893076054751873, 0.0013436840381473303, 0.0013980603544041514, 0.0014524367870762944, 0.0015068131033331156, 0.0015611894195899367, 0.0016155657358467579, 0.0016699421685189009, 0.001724318484775722, 0.0017786948010325432]}, "gradients/graph_2conv_pooling_linear_relu_stack.9.weight": {"_type": "histogram", "values": [1.0, 0.0, 0.0, 0.0, 0.0, 0.0, 0.0, 0.0, 2.0, 1.0, 0.0, 2.0, 0.0, 2.0, 2.0, 0.0, 1.0, 0.0, 2.0, 4.0, 1.0, 7.0, 6.0, 5.0, 6.0, 4.0, 4.0, 5.0, 9.0, 8.0, 10.0, 5.0, 15.0, 14.0, 115.0, 912.0, 37.0, 12.0, 11.0, 9.0, 5.0, 5.0, 7.0, 7.0, 4.0, 3.0, 4.0, 5.0, 6.0, 5.0, 4.0, 0.0, 0.0, 1.0, 1.0, 3.0, 1.0, 2.0, 1.0, 0.0, 1.0, 0.0, 1.0, 2.0], "bins": [-0.029091844335198402, -0.02826450765132904, -0.02743717096745968, -0.026609834283590317, -0.025782495737075806, -0.024955160915851593, -0.024127822369337082, -0.02330048568546772, -0.022473149001598358, -0.021645812317728996, -0.020818475633859634, -0.019991138949990273, -0.01916380226612091, -0.0183364637196064, -0.017509127035737038, -0.016681790351867676, -0.015854453667998314, -0.015027116984128952, -0.01419978030025959, -0.013372442685067654, -0.012545106001198292, -0.01171776931732893, -0.010890431702136993, -0.010063095018267632, -0.00923575833439827, -0.008408421650528908, -0.007581084500998259, -0.006753747351467609, -0.0059264106675982475, -0.005099073983728886, -0.0042717368341982365, -0.0034443996846675873, -0.002617061138153076, -0.0017897242214530706, -0.0009623873047530651, -0.00013505038805305958, 0.000692286528646946, 0.0015196232125163078, 0.002346960362046957, 0.003174297511577606, 0.004001634195446968, 0.00482897087931633, 0.005656308028846979, 0.006483645178377628, 0.00731098186224699, 0.008138318546116352, 0.008965656161308289, 0.00979299284517765, 0.010620329529047012, 0.011447666212916374, 0.012275002896785736, 0.013102340511977673, 0.013929677195847034, 0.014757013879716396, 0.015584351494908333, 0.016411688178777695, 0.017239024862647057, 0.01806636154651642, 0.01889369823038578, 0.019721034914255142, 0.020548373460769653, 0.021375708281993866, 0.022203046828508377, 0.02303038351237774, 0.0238577201962471]}, "gradients/graph_2conv_pooling_linear_relu_stack.7.bias": {"_type": "histogram", "values": [1.0, 1.0, 1.0, 0.0, 0.0, 0.0, 0.0, 1.0, 0.0, 1.0, 1.0, 0.0, 0.0, 2.0, 3.0, 0.0, 1.0, 0.0, 1.0, 2.0, 1.0, 2.0, 1.0, 0.0, 1.0, 2.0, 2.0, 4.0, 2.0, 3.0, 2.0, 4.0, 8.0, 9.0, 31.0, 5.0, 4.0, 1.0, 1.0, 1.0, 2.0, 4.0, 2.0, 1.0, 1.0, 3.0, 0.0, 2.0, 3.0, 1.0, 1.0, 3.0, 0.0, 1.0, 0.0, 0.0, 2.0, 0.0, 1.0, 0.0, 0.0, 0.0, 0.0, 2.0], "bins": [-0.0007274390663951635, -0.0007063096854835749, -0.0006851803045719862, -0.0006640509236603975, -0.0006429215427488089, -0.0006217921618372202, -0.0006006627809256315, -0.0005795334000140429, -0.0005584040191024542, -0.0005372746381908655, -0.0005161452572792768, -0.0004950158763676882, -0.0004738864954560995, -0.00045275711454451084, -0.00043162773363292217, -0.0004104983527213335, -0.0003893689427059144, -0.0003682395617943257, -0.00034711018088273704, -0.00032598079997114837, -0.0003048514190595597, -0.00028372203814797103, -0.0002625926281325519, -0.00024146326177287847, -0.00022033386630937457, -0.0001992044853977859, -0.00017807510448619723, -0.00015694572357460856, -0.0001358163426630199, -0.00011468695447547361, -9.355756628792733e-05, -7.242818537633866e-05, -5.129881901666522e-05, -3.0169436286087148e-05, -9.040053555509076e-06, 1.20893309940584e-05, 3.321871190564707e-05, 5.434809281723574e-05, 7.547748100478202e-05, 9.660686191637069e-05, 0.00011773622827604413, 0.0001388656091876328, 0.00015999499009922147, 0.00018112437101081014, 0.0002022537519223988, 0.00022338313283398747, 0.00024451251374557614, 0.0002656418946571648, 0.00028677130467258394, 0.0003079006855841726, 0.0003290300664957613, 0.00035015944740734994, 0.0003712888283189386, 0.0003924182092305273, 0.0004135476192459464, 0.0004346770001575351, 0.00045580638106912374, 0.0004769357619807124, 0.0004980651428923011, 0.0005191945238038898, 0.0005403239047154784, 0.0005614532856270671, 0.0005825826665386558, 0.0006037120474502444, 0.0006248414283618331]}, "gradients/graph_2conv_pooling_linear_relu_stack.7.weight": {"_type": "histogram", "values": [1.0, 0.0, 1.0, 1.0, 0.0, 0.0, 2.0, 0.0, 4.0, 3.0, 5.0, 5.0, 8.0, 8.0, 9.0, 11.0, 22.0, 27.0, 36.0, 66.0, 60.0, 78.0, 91.0, 120.0, 197.0, 221.0, 281.0, 374.0, 521.0, 782.0, 1027.0, 1453.0, 2317.0, 5214.0, 19256.0, 2857.0, 1768.0, 1216.0, 793.0, 583.0, 359.0, 325.0, 232.0, 158.0, 106.0, 95.0, 63.0, 48.0, 43.0, 22.0, 18.0, 17.0, 11.0, 7.0, 10.0, 10.0, 6.0, 1.0, 4.0, 0.0, 2.0, 3.0, 0.0, 2.0], "bins": [-0.018293367698788643, -0.017759280279278755, -0.017225192859768867, -0.01669110544025898, -0.016157018020749092, -0.015622930601239204, -0.015088843181729317, -0.014554755762219429, -0.014020668342709541, -0.013486580923199654, -0.012952493503689766, -0.012418406084179878, -0.01188431866466999, -0.011350231245160103, -0.010816143825650215, -0.010282056406140327, -0.00974796898663044, -0.009213881567120552, -0.008679794147610664, -0.008145706728100777, -0.007611619308590889, -0.007077531889081001, -0.006543444469571114, -0.006009357050061226, -0.005475269630551338, -0.0049411822110414505, -0.004407094791531563, -0.003873007372021675, -0.0033389199525117874, -0.0028048325330018997, -0.002270745113492012, -0.0017366576939821243, -0.0012025721371173859, -0.0006684847176074982, -0.00013439729809761047, 0.0003996901214122772, 0.0009337775409221649, 0.0014678649604320526, 0.0020019523799419403, 0.002536039799451828, 0.0030701272189617157, 0.0036042146384716034, 0.004138302057981491, 0.004672389477491379, 0.0052064768970012665, 0.005740564316511154, 0.006274651736021042, 0.0068087391555309296, 0.007342826575040817, 0.007876913994550705, 0.008411001414060593, 0.00894508883357048, 0.009479176253080368, 0.010013263672590256, 0.010547351092100143, 0.011081438511610031, 0.011615525931119919, 0.012149613350629807, 0.012683700770139694, 0.013217788189649582, 0.01375187560915947, 0.014285963028669357, 0.014820050448179245, 0.015354137867689133, 0.01588822528719902]},