{"mean val loss": 0.25901164717165526, "mean val accuracy": 92.64, "_timestamp": 1654626035, "_runtime": 124, "_step": 3, "gradients/graph_1linear_relu_stack.2.bias": {"_type": "histogram", "values": [1.0, 0.0, 0.0, 0.0, 0.0, 0.0, 0.0, 0.0, 0.0, 0.0, 0.0, 0.0, 0.0, 0.0, 0.0, 1.0, 0.0, 1.0, 0.0, 0.0, 0.0, 0.0, 0.0, 0.0, 0.0, 2.0, 0.0, 0.0, 0.0, 0.0, 0.0, 0.0, 0.0, 0.0, 0.0, 0.0, 0.0, 0.0, 1.0, 0.0, 0.0, 0.0, 0.0, 0.0, 2.0, 0.0, 0.0, 0.0, 0.0, 0.0, 0.0, 0.0, 0.0, 0.0, 0.0, 0.0, 0.0, 0.0, 0.0, 0.0, 1.0, 0.0, 0.0, 1.0], "bins": [-0.01920964941382408, -0.018638156354427338, -0.018066661432385445, -0.01749516651034355, -0.016923673450946808, -0.016352180391550064, -0.01578068546950817, -0.015209191478788853, -0.014637697488069534, -0.014066203497350216, -0.013494709506630898, -0.012923215515911579, -0.01235172152519226, -0.011780227534472942, -0.011208733543753624, -0.010637239553034306, -0.010065745562314987, -0.009494251571595669, -0.00892275758087635, -0.008351263590157032, -0.007779769599437714, -0.007208275608718395, -0.006636781617999077, -0.0060652876272797585, -0.00549379363656044, -0.004922299645841122, -0.004350805655121803, -0.003779311664402485, -0.0032078176736831665, -0.002636323682963848, -0.0020648296922445297, -0.0014933357015252113, -0.0009218417108058929, -0.00035034772008657455, 0.00022114627063274384, 0.0007926402613520622, 0.0013641342520713806, 0.001935628242790699, 0.0025071222335100174, 0.003078616224229336, 0.003650110214948654, 0.0042216042056679726, 0.004793098196387291, 0.005364592187106609, 0.005936086177825928, 0.006507580168545246, 0.0070790741592645645, 0.007650568149983883, 0.008222062140703201, 0.00879355613142252, 0.009365050122141838, 0.009936544112861156, 0.010508038103580475, 0.011079532094299793, 0.011651026085019112, 0.01222252007573843, 0.012794014066457748, 0.013365508057177067, 0.013937002047896385, 0.014508496038615704, 0.015079990029335022, 0.015651483088731766, 0.01622297801077366, 0.016794472932815552, 0.017365965992212296]}, "gradients/graph_1linear_relu_stack.2.weight": {"_type": "histogram", "values": [1.0, 1.0, 1.0, 0.0, 0.0, 1.0, 0.0, 1.0, 0.0, 2.0, 2.0, 4.0, 1.0, 2.0, 3.0, 6.0, 4.0, 5.0, 9.0, 6.0, 11.0, 15.0, 23.0, 24.0, 24.0, 26.0, 34.0, 39.0, 42.0, 43.0, 46.0, 62.0, 150.0, 197.0, 105.0, 89.0, 43.0, 38.0, 34.0, 33.0, 19.0, 28.0, 19.0, 17.0, 13.0, 13.0, 8.0, 8.0, 3.0, 4.0, 5.0, 3.0, 2.0, 4.0, 2.0, 1.0, 0.0, 1.0, 0.0, 1.0, 0.0, 0.0, 0.0, 2.0], "bins": [-0.08699224889278412, -0.08435024321079254, -0.08170823007822037, -0.07906622439622879, -0.07642421126365662, -0.07378220558166504, -0.07114019989967346, -0.06849818676710129, -0.06585617363452911, -0.06321416795253754, -0.06057215481996536, -0.057930149137973785, -0.05528813600540161, -0.052646130323410034, -0.05000412091612816, -0.04736211150884628, -0.044720105826854706, -0.04207809641957283, -0.039436087012290955, -0.03679408133029938, -0.0341520681977272, -0.031510062515735626, -0.02886805310845375, -0.026226043701171875, -0.023584038019180298, -0.020942028611898422, -0.018300019204616547, -0.01565801165997982, -0.013016002252697945, -0.010373992845416069, -0.007731985300779343, -0.005089975893497467, -0.00244797021150589, 0.0001940387301146984, 0.0028360476717352867, 0.005478056147694588, 0.008120065554976463, 0.010762074962258339, 0.013404082506895065, 0.01604609191417694, 0.018688105046749115, 0.02133011445403099, 0.023972123861312866, 0.026614131405949593, 0.029256140813231468, 0.031898148357868195, 0.03454015776515007, 0.037182167172431946, 0.03982417285442352, 0.0424661822617054, 0.045108191668987274, 0.04775019735097885, 0.050392210483551025, 0.0530342161655426, 0.05567622557282448, 0.058318234980106354, 0.06096024438738823, 0.0636022537946701, 0.06624425947666168, 0.06888627260923386, 0.07152827829122543, 0.07417029142379761, 0.07681229710578918, 0.07945430278778076, 0.08209631592035294]}, "gradients/graph_1linear_relu_stack.0.bias": {"_type": "histogram", "values": [1.0, 0.0, 0.0, 0.0, 1.0, 0.0, 0.0, 2.0, 0.0, 1.0, 0.0, 1.0, 0.0, 0.0, 0.0, 0.0, 1.0, 1.0, 3.0, 7.0, 2.0, 4.0, 2.0, 7.0, 1.0, 9.0, 9.0, 3.0, 7.0, 8.0, 6.0, 7.0, 6.0, 0.0, 2.0, 4.0, 8.0, 2.0, 2.0, 0.0, 2.0, 3.0, 1.0, 2.0, 2.0, 2.0, 0.0, 2.0, 2.0, 2.0, 0.0, 0.0, 0.0, 1.0, 0.0, 0.0, 0.0, 0.0, 0.0, 0.0, 1.0, 0.0, 0.0, 1.0], "bins": [-0.00941425934433937, -0.009096951223909855, -0.008779643103480339, -0.008462334983050823, -0.008145026862621307, -0.007827719673514366, -0.00751041155308485, -0.0071931034326553345, -0.006875795312225819, -0.006558487191796303, -0.006241179071366787, -0.005923871416598558, -0.005606563296169043, -0.005289255175739527, -0.004971947520971298, -0.004654639400541782, -0.0043373312801122665, -0.004020023159682751, -0.0037027152720838785, -0.0033854073844850063, -0.0030680992640554905, -0.0027507911436259747, -0.0024334832560271025, -0.0021161753684282303, -0.0017988672479987144, -0.0014815592439845204, -0.0011642512399703264, -0.0008469432359561324, -0.0005296352319419384, -0.0002123272279277444, 0.00010498077608644962, 0.0004222886636853218, 0.0007395967841148376, 0.0010569047881290317, 0.0013742127921432257, 0.0016915207961574197, 0.0020088288001716137, 0.0023261369206011295, 0.0026434448082000017, 0.002960752695798874, 0.0032780608162283897, 0.0035953689366579056, 0.003912677057087421, 0.00422998471185565, 0.004547292832285166, 0.004864600952714682, 0.00518190860748291, 0.005499216727912426, 0.005816524848341942, 0.006133832968771458, 0.0064511410892009735, 0.006768448743969202, 0.007085756864398718, 0.007403064984828234, 0.007720372639596462, 0.008037680760025978, 0.008354988880455494, 0.00867229700088501, 0.008989605121314526, 0.009306913241744041, 0.009624220430850983, 0.009941528551280499, 0.010258836671710014, 0.01057614479213953, 0.010893452912569046]}, "gradients/graph_1linear_relu_stack.0.weight": {"_type": "histogram", "values": [1.0, 0.0, 1.0, 1.0, 1.0, 0.0, 2.0, 2.0, 0.0, 4.0, 5.0, 6.0, 6.0, 9.0, 21.0, 27.0, 36.0, 52.0, 68.0, 110.0, 132.0, 179.0, 256.0, 358.0, 475.0, 689.0, 915.0, 1351.0, 1794.0, 3305.0, 5603.0, 11038.0, 26761.0, 23442.0, 8980.0, 4983.0, 2959.0, 1889.0, 1384.0, 985.0, 719.0, 508.0, 347.0, 267.0, 187.0, 152.0, 84.0, 70.0, 52.0, 39.0, 21.0, 18.0, 10.0, 15.0, 12.0, 2.0, 3.0, 5.0, 3.0, 1.0, 2.0, 1.0, 3.0, 1.0], "bins": [-0.04197942838072777, -0.040703821927309036, -0.039428215473890305, -0.03815261274576187, -0.03687700629234314, -0.03560139983892441, -0.034325793385505676, -0.033050186932086945, -0.03177458047866821, -0.03049897402524948, -0.0292233694344759, -0.027947762981057167, -0.026672158390283585, -0.025396551936864853, -0.02412094548344612, -0.02284533903002739, -0.021569736301898956, -0.020294129848480225, -0.019018525257706642, -0.01774291880428791, -0.016467314213514328, -0.015191707760095596, -0.013916101306676865, -0.012640495784580708, -0.01136489026248455, -0.010089284740388393, -0.008813679218292236, -0.007538072764873505, -0.0062624672427773476, -0.0049868617206811905, -0.003711255732923746, -0.0024356497451663017, -0.0011600442230701447, 0.00011556153185665607, 0.0013911672867834568, 0.0026667730417102575, 0.003942378796637058, 0.005217984318733215, 0.00649359030649066, 0.007769196294248104, 0.009044801816344261, 0.010320407338440418, 0.011596012860536575, 0.012871619313955307, 0.014147224836051464, 0.015422830358147621, 0.016698436811566353, 0.017974041402339935, 0.019249647855758667, 0.0205252543091774, 0.02180085889995098, 0.023076465353369713, 0.024352069944143295, 0.025627676397562027, 0.02690328285098076, 0.02817888930439949, 0.029454493895173073, 0.030730100348591805, 0.03200570493936539, 0.03328131139278412, 0.03455691784620285, 0.03583252429962158, 0.037108127027750015, 0.03838373348116875, 0.03965933993458748]}, "gradients/conv_linear_relu_stack.6.bias": {"_type": "histogram",