{"mean val loss": 0.0832466897940275, "mean val accuracy": 97.59, "_timestamp": 1654624135, "_runtime": 1142, "_step": 24, "gradients/linear_relu_stack.2.bias": {"_type": "histogram", "values": [1.0, 0.0, 0.0, 0.0, 0.0, 0.0, 0.0, 0.0, 1.0, 0.0, 0.0, 0.0, 0.0, 0.0, 0.0, 0.0, 0.0, 0.0, 0.0, 1.0, 0.0, 1.0, 0.0, 0.0, 0.0, 0.0, 0.0, 0.0, 0.0, 0.0, 0.0, 0.0, 0.0, 2.0, 1.0, 0.0, 1.0, 0.0, 0.0, 0.0, 0.0, 0.0, 0.0, 0.0, 0.0, 0.0, 0.0, 0.0, 0.0, 0.0, 0.0, 0.0, 0.0, 0.0, 0.0, 0.0, 0.0, 0.0, 0.0, 0.0, 0.0, 1.0, 0.0, 1.0], "bins": [-0.006443795748054981, -0.0062380144372582436, -0.006032232660800219, -0.005826450884342194, -0.005620669573545456, -0.005414888262748718, -0.005209106486290693, -0.005003324709832668, -0.004797543399035931, -0.004591762088239193, -0.004385980311781168, -0.004180198535323143, -0.003974417224526405, -0.003768635680899024, -0.0035628541372716427, -0.0033570725936442614, -0.00315129105001688, -0.0029455095063894987, -0.0027397279627621174, -0.002533946419134736, -0.0023281648755073547, -0.0021223833318799734, -0.001916601788252592, -0.0017108202446252108, -0.0015050387009978294, -0.0012992571573704481, -0.0010934756137430668, -0.0008876940701156855, -0.0006819125264883041, -0.0004761309828609228, -0.0002703494392335415, -6.456789560616016e-05, 0.00014121364802122116, 0.0003469951916486025, 0.0005527767352759838, 0.0007585582789033651, 0.0009643398225307465, 0.0011701213661581278, 0.0013759029097855091, 0.0015816844534128904, 0.0017874659970402718, 0.001993247540667653, 0.0021990290842950344, 0.0024048106279224157, 0.002610592171549797, 0.0028163737151771784, 0.0030221552588045597, 0.003227936802431941, 0.0034337183460593224, 0.0036394998896867037, 0.003845281433314085, 0.00405106320977211, 0.004256844520568848, 0.004462625831365585, 0.00466840760782361, 0.004874189384281635, 0.005079970695078373, 0.005285752005875111, 0.005491533782333136, 0.005697315558791161, 0.005903096869587898, 0.006108878180384636, 0.006314659956842661, 0.006520441733300686, 0.0067262230440974236]}, "gradients/linear_relu_stack.2.weight": {"_type": "histogram", "values": [1.0, 1.0, 0.0, 0.0, 1.0, 1.0, 0.0, 2.0, 2.0, 0.0, 3.0, 1.0, 1.0, 1.0, 3.0, 4.0, 5.0, 5.0, 6.0, 5.0, 7.0, 4.0, 11.0, 9.0, 7.0, 14.0, 15.0, 19.0, 23.0, 33.0, 31.0, 39.0, 75.0, 475.0, 180.0, 89.0, 56.0, 37.0, 15.0, 25.0, 14.0, 12.0, 5.0, 9.0, 4.0, 5.0, 3.0, 6.0, 1.0, 1.0, 4.0, 4.0, 1.0, 0.0, 0.0, 0.0, 0.0, 1.0, 2.0, 1.0, 0.0, 0.0, 0.0, 1.0], "bins": [-0.03987402841448784, -0.03867598995566368, -0.037477947771549225, -0.03627990931272507, -0.03508187085390091, -0.03388382866978645, -0.032685790210962296, -0.03148774802684784, -0.03028970956802368, -0.029091669246554375, -0.027893630787730217, -0.02669559046626091, -0.025497550144791603, -0.024299509823322296, -0.02310147136449814, -0.02190343104302883, -0.020705392584204674, -0.019507352262735367, -0.01830931380391121, -0.017111273482441902, -0.015913233160972595, -0.014715193770825863, -0.01351715438067913, -0.012319114059209824, -0.011121075600385666, -0.009923036210238934, -0.008724995888769627, -0.007526956498622894, -0.006328916642814875, -0.005130876787006855, -0.003932837396860123, -0.0027347970753908157, -0.0015367567539215088, -0.000338717014528811, 0.0008593227248638868, 0.002057362347841263, 0.0032554022036492825, 0.004453442059457302, 0.005651481449604034, 0.006849521771073341, 0.008047562092542648, 0.00924560148268938, 0.010443641804158688, 0.01164168119430542, 0.012839721515774727, 0.01403776090592146, 0.015235800296068192, 0.0164338406175375, 0.017631879076361656, 0.018829919397830963, 0.02002795785665512, 0.021225998178124428, 0.022424038499593735, 0.023622076958417892, 0.0248201172798872, 0.026018157601356506, 0.027216196060180664, 0.02841423638164997, 0.02961227484047413, 0.030810315161943436, 0.03200835362076759, 0.03320639580488205, 0.03440443426370621, 0.035602472722530365, 0.03680051490664482]}, "gradients/linear_relu_stack.0.bias": {"_type": "histogram", "values": [3.0, 2.0, 0.0, 0.0, 1.0, 1.0, 2.0, 1.0, 1.0, 4.0, 2.0, 5.0, 1.0, 2.0, 0.0, 6.0, 3.0, 2.0, 3.0, 6.0, 2.0, 3.0, 6.0, 2.0, 5.0, 9.0, 2.0, 6.0, 5.0, 3.0, 3.0, 5.0, 2.0, 5.0, 0.0, 1.0, 3.0, 1.0, 3.0, 2.0, 2.0, 2.0, 1.0, 0.0, 3.0, 1.0, 1.0, 0.0, 0.0, 1.0, 0.0, 0.0, 1.0, 0.0, 0.0, 1.0, 1.0, 0.0, 0.0, 0.0, 0.0, 0.0, 0.0, 1.0], "bins": [-0.003666018834337592, -0.0035154344514012337, -0.0033648498356342316, -0.0032142652198672295, -0.003063680836930871, -0.0029130964539945126, -0.0027625118382275105, -0.0026119272224605083, -0.00246134283952415, -0.0023107584565877914, -0.0021601738408207893, -0.0020095892250537872, -0.0018590048421174288, -0.0017084203427657485, -0.0015578358434140682, -0.001407251344062388, -0.0012566668447107077, -0.0011060823453590274, -0.0009554978460073471, -0.0008049133466556668, -0.0006543288473039865, -0.0005037443479523063, -0.000353159848600626, -0.0002025753492489457, -5.1990849897265434e-05, 9.859364945441484e-05, 0.0002491781488060951, 0.0003997626481577754, 0.0005503471475094557, 0.000700931646861136, 0.0008515161462128162, 0.0010021006455644965, 0.0011526849120855331, 0.0013032694114372134, 0.0014538539107888937, 0.001604438410140574, 0.0017550229094922543, 0.0019056074088439345, 0.002056191908195615, 0.0022067762911319733, 0.0023573609068989754, 0.0025079455226659775, 0.002658529905602336, 0.0028091142885386944, 0.0029596989043056965, 0.0031102835200726986, 0.003260867903009057, 0.0034114522859454155, 0.0035620369017124176, 0.0037126215174794197, 0.003863205900415778, 0.004013790283352137, 0.004164374899119139, 0.004314959514886141, 0.004465543664991856, 0.004616128280758858, 0.00476671289652586, 0.004917297512292862, 0.005067882128059864, 0.005218466278165579, 0.005369050893932581, 0.005519635509699583, 0.005670219659805298, 0.0058208042755723, 0.005971388891339302]}, "gradients/linear_relu_stack.0.weight": {"_type": "histogram", "values": [3.0, 2.0, 1.0, 0.0, 5.0, 8.0, 38.0, 38.0, 37.0, 53.0, 56.0, 71.0, 108.0, 159.0, 201.0, 253.0, 359.0, 412.0, 487.0, 569.0, 644.0, 812.0, 1379.0, 2088.0, 3705.0, 9365.0, 13924.0, 24042.0, 17445.0, 12006.0, 5316.0, 1252.0, 949.0, 908.0, 712.0, 495.0, 411.0, 356.0, 318.0, 229.0, 173.0, 130.0, 112.0, 85.0, 79.0, 90.0, 70.0, 64.0, 46.0, 44.0, 36.0, 22.0, 26.0, 29.0, 33.0, 18.0, 13.0, 13.0, 14.0, 14.0, 9.0, 8.0, 4.0, 4.0], "bins": [-0.013800716027617455, -0.013302022591233253, -0.012803329154849052, -0.012304635718464851, -0.01180594228208065, -0.01130724884569645, -0.010808555409312248, -0.010309861972928047, -0.009811168536543846, -0.009312475100159645, -0.008813781663775444, -0.008315088227391243, -0.007816394791007042, -0.007317701354622841, -0.00681900791823864, -0.006320314481854439, -0.005821621045470238, -0.005322927609086037, -0.004824234172701836, -0.004325540736317635, -0.0038268472999334335, -0.0033281538635492325, -0.0028294604271650314, -0.0023307669907808304, -0.0018320735543966293, -0.0013333801180124283, -0.0008346866816282272, -0.0003359932452440262, 0.00016270019114017487, 0.0006613936275243759, 0.001160087063908577, 0.001658780500292778, 0.0021574757993221283, 0.0026561692357063293, 0.0031548626720905304, 0.0036535561084747314, 0.0041522495448589325, 0.0046509429812431335, 0.005149636417627335, 0.005648329854011536, 0.006147023290395737, 0.006645716726779938, 0.007144410163164139, 0.00764310359954834, 0.008141797035932541, 0.008640490472316742, 0.009139183908700943, 0.009637877345085144, 0.010136570781469345, 0.010635264217853546, 0.011133957654237747, 0.011632651090621948, 0.01213134452700615, 0.01263003796339035, 0.013128731399774551, 0.013627424836158752, 0.014126118272542953, 0.014624811708927155, 0.015123505145311356, 0.015622198581695557, 0.016120892018079758, 0.01661958545446396, 0.01711827889084816, 0.01761697232723236, 0.018115665763616562]}}